{
  "cpu_lattice_16v": 0.12777447700500488,
  "torch_cpu_16v": 0.1418628692626953,
  "torch_cuda_16v": 4.420215368270874,
  "scalability": {
    "4": {
      "cpu_est": 0.03194361925125122,
      "gpu_est": 0.00525
    },
    "8": {
      "cpu_est": 0.06388723850250244,
      "gpu_est": 0.0105
    },
    "16": {
      "cpu_est": 0.12777447700500488,
      "gpu_est": 0.021
    },
    "32": {
      "cpu_est": 0.25554895401000977,
      "gpu_est": 0.042
    },
    "64": {
      "cpu_est": 0.5110979080200195,
      "gpu_est": 0.084
    },
    "128": {
      "cpu_est": 1.022195816040039,
      "gpu_est": 0.168
    }
  },
  "embedded": {
    "RP2040 (133MHz M0+)": {
      "slowdown": 30,
      "est_time": 3.8332343101501465,
      "max_voices": 2
    },
    "ESP32-S3 (240MHz)": {
      "slowdown": 10,
      "est_time": 1.2777447700500488,
      "max_voices": 4
    },
    "STM32H7 (480MHz M7)": {
      "slowdown": 3,
      "est_time": 0.38332343101501465,
      "max_voices": 8
    },
    "SiFive U74 (1GHz)": {
      "slowdown": 1.5,
      "est_time": 0.19166171550750732,
      "max_voices": 16
    },
    "Desktop CPU": {
      "slowdown": 1,
      "est_time": 0.12777447700500488,
      "max_voices": 64
    },
    "RTX 4050 GPU": {
      "slowdown": 0.05,
      "est_time": 0.006388723850250244,
      "max_voices": 128
    }
  }
}