{
  "experiment": "conservation_stress_test",
  "mean_sum": 0.25153440298898416,
  "std_sum": 0.028019478671856623,
  "cv": 0.11139422018976754,
  "correlation": 0.7380780807435531,
  "meantone_ratio": 1.0148287775166105,
  "et_mean": 0.25153440298898416,
  "meantone_mean": 0.25526435068868125,
  "n_sequences": 10000,
  "distribution": {
    "counts": [
      1,
      0,
      1,
      1,
      4,
      5,
      3,
      9,
      12,
      20,
      14,
      15,
      31,
      35,
      55,
      54,
      69,
      86,
      113,
      124,
      159,
      184,
      199,
      244,
      297,
      339,
      337,
      379,
      439,
      453,
      457,
      518,
      580,
      536,
      572,
      538,
      513,
      576,
      391,
      392,
      359,
      245,
      218,
      171,
      108,
      66,
      45,
      17,
      11,
      5
    ],
    "bin_edges": [
      0.12902449293659007,
      0.13286989591335002,
      0.13671529889010997,
      0.14056070186686992,
      0.1444061048436299,
      0.14825150782038984,
      0.1520969107971498,
      0.15594231377390974,
      0.1597877167506697,
      0.16363311972742967,
      0.16747852270418961,
      0.17132392568094956,
      0.1751693286577095,
      0.17901473163446946,
      0.1828601346112294,
      0.18670553758798936,
      0.1905509405647493,
      0.19439634354150925,
      0.19824174651826923,
      0.20208714949502918,
      0.20593255247178913,
      0.2097779554485491,
      0.21362335842530905,
      0.217468761402069,
      0.22131416437882895,
      0.2251595673555889,
      0.22900497033234885,
      0.2328503733091088,
      0.23669577628586874,
      0.2405411792626287,
      0.24438658223938864,
      0.24823198521614862,
      0.2520773881929086,
      0.25592279116966854,
      0.2597681941464285,
      0.26361359712318844,
      0.2674590000999484,
      0.27130440307670833,
      0.2751498060534683,
      0.27899520903022823,
      0.2828406120069882,
      0.2866860149837481,
      0.2905314179605081,
      0.294376820937268,
      0.298222223914028,
      0.3020676268907879,
      0.30591302986754787,
      0.3097584328443078,
      0.3136038358210678,
      0.31744923879782777,
      0.3212946417745877
    ]
  },
  "percentiles": {
    "p5": 0.201245315751741,
    "p25": 0.23372898897822467,
    "p50": 0.25428147105595783,
    "p75": 0.27203237171581185,
    "p95": 0.2930231113222455
  }
}