{
  "experiment": "groove_optimization",
  "results": {
    "Jazz": {
      "original": {
        "harmonic_tension": 2.1199925373468376,
        "rhythmic_complexity": 3.1741027554529553,
        "spectral_density": 0.09274019925533822
      },
      "target": {
        "harmonic_tension": 3.5,
        "rhythmic_complexity": 4.0,
        "spectral_density": 3.0
      },
      "optimized": {
        "harmonic_tension": 2.1199925373468376,
        "rhythmic_complexity": 3.9377827333719706,
        "spectral_density": 0.09274019925533822
      },
      "distance_to_target": 3.218765467422405,
      "converged": false,
      "iterations": 100,
      "n_offsets": 31,
      "fitness_history": [
        -3.3224518664014853,
        -3.3224518664014853,
        -3.3224518664014853,
        -3.3224518664014853,
        -3.319668200026856,
        -3.318688889351124,
        -3.3080795798882674,
        -3.3080795798882674,
        -3.3080795798882674,
        -3.3080795798882674,
        -3.29485622129383,
        -3.29485622129383,
        -3.2863111269595806,
        -3.2725358685404844,
        -3.2725358685404844,
        -3.2725358685404844,
        -3.2725358685404844,
        -3.2725358685404844,
        -3.2725358685404844,
        -3.2619928006110355,
        -3.2619928006110355,
        -3.261121053902705,
        -3.2535753415112345,
        -3.2535753415112345,
        -3.2535753415112345,
        -3.2535753415112345,
        -3.2535753415112345,
        -3.2535753415112345,
        -3.2535753415112345,
        -3.252878059276366,
        -3.2518311807662057,
        -3.2518311807662057,
        -3.249135847014435,
        -3.249135847014435,
        -3.249135847014435,
        -3.249135847014435,
        -3.2426448607688663,
        -3.2273016246867097,
        -3.2273016246867097,
        -3.2273016246867097,
        -3.2273016246867097,
        -3.2273016246867097,
        -3.2273016246867097,
        -3.2273016246867097,
        -3.2273016246867097,
        -3.2273016246867097,
        -3.2273016246867097,
        -3.2273016246867097,
        -3.2273016246867097,
        -3.2273016246867097,
        -3.2273016246867097,
        -3.2273016246867097,
        -3.2273016246867097,
        -3.2273016246867097,
        -3.2273016246867097,
        -3.2266609974145632,
        -3.2266609974145632,
        -3.2245092563821367,
        -3.2245092563821367,
        -3.2245092563821367,
        -3.2237192256960747,
        -3.223017068933416,
        -3.2229411605069496,
        -3.2229411605069496,
        -3.222013586013136,
        -3.222013586013136,
        -3.222013586013136,
        -3.222013586013136,
        -3.222013586013136,
        -3.222013586013136,
        -3.222013586013136,
        -3.222013586013136,
        -3.222013586013136,
        -3.222013586013136,
        -3.222013586013136,
        -3.222013586013136,
        -3.222013586013136,
        -3.222013586013136,
        -3.222013586013136,
        -3.222013586013136,
        -3.222013586013136,
        -3.222013586013136,
        -3.222013586013136,
        -3.222013586013136,
        -3.222013586013136,
        -3.222013586013136,
        -3.222013586013136,
        -3.222013586013136,
        -3.222013586013136,
        -3.222013586013136,
        -3.222013586013136,
        -3.222013586013136,
        -3.222013586013136,
        -3.222013586013136,
        -3.222013586013136,
        -3.222013586013136,
        -3.222013586013136,
        -3.222013586013136,
        -3.2209240120161184,
        -3.2209240120161184,
        -3.218765467422405
      ]
    },
    "EDM": {
      "original": {
        "harmonic_tension": 2.1199925373468376,
        "rhythmic_complexity": 3.1741027554529553,
        "spectral_density": 0.09274019925533822
      },
      "target": {
        "harmonic_tension": 1.0,
        "rhythmic_complexity": 2.5,
        "spectral_density": 4.5
      },
      "optimized": {
        "harmonic_tension": 2.1199925373468376,
        "rhythmic_complexity": 3.1364561035494227,
        "spectral_density": 0.09274019925533822
      },
      "distance_to_target": 4.591666212467735,
      "converged": false,
      "iterations": 100,
      "n_offsets": 20,
      "fitness_history": [
        -4.597035649185434,
        -4.594965110953763,
        -4.594965110953763,
        -4.594965110953763,
        -4.591666212467735,
        -4.591666212467735,
        -4.591666212467735,
        -4.591666212467735,
        -4.591666212467735,
        -4.591666212467735,
        -4.591666212467735,
        -4.591666212467735,
        -4.591666212467735,
        -4.591666212467735,
        -4.591666212467735,
        -4.591666212467735,
        -4.591666212467735,
        -4.591666212467735,
        -4.591666212467735,
        -4.591666212467735,
        -4.591666212467735,
        -4.591666212467735,
        -4.591666212467735,
        -4.591666212467735,
        -4.591666212467735,
        -4.591666212467735,
        -4.591666212467735,
        -4.591666212467735,
        -4.591666212467735,
        -4.591666212467735,
        -4.591666212467735,
        -4.591666212467735,
        -4.591666212467735,
        -4.591666212467735,
        -4.591666212467735,
        -4.591666212467735,
        -4.591666212467735,
        -4.591666212467735,
        -4.591666212467735,
        -4.591666212467735,
        -4.591666212467735,
        -4.591666212467735,
        -4.591666212467735,
        -4.591666212467735,
        -4.591666212467735,
        -4.591666212467735,
        -4.591666212467735,
        -4.591666212467735,
        -4.591666212467735,
        -4.591666212467735,
        -4.591666212467735,
        -4.591666212467735,
        -4.591666212467735,
        -4.591666212467735,
        -4.591666212467735,
        -4.591666212467735,
        -4.591666212467735,
        -4.591666212467735,
        -4.591666212467735,
        -4.591666212467735,
        -4.591666212467735,
        -4.591666212467735,
        -4.591666212467735,
        -4.591666212467735,
        -4.591666212467735,
        -4.591666212467735,
        -4.591666212467735,
        -4.591666212467735,
        -4.591666212467735,
        -4.591666212467735,
        -4.591666212467735,
        -4.591666212467735,
        -4.591666212467735,
        -4.591666212467735,
        -4.591666212467735,
        -4.591666212467735,
        -4.591666212467735,
        -4.591666212467735,
        -4.591666212467735,
        -4.591666212467735,
        -4.591666212467735,
        -4.591666212467735,
        -4.591666212467735,
        -4.591666212467735,
        -4.591666212467735,
        -4.591666212467735,
        -4.591666212467735,
        -4.591666212467735,
        -4.591666212467735,
        -4.591666212467735,
        -4.591666212467735,
        -4.591666212467735,
        -4.591666212467735,
        -4.591666212467735,
        -4.591666212467735,
        -4.591666212467735,
        -4.591666212467735,
        -4.591666212467735,
        -4.591666212467735,
        -4.591666212467735,
        -4.591666212467735
      ]
    },
    "Blues": {
      "original": {
        "harmonic_tension": 2.1199925373468376,
        "rhythmic_complexity": 3.1741027554529553,
        "spectral_density": 0.09274019925533822
      },
      "target": {
        "harmonic_tension": 3.0,
        "rhythmic_complexity": 3.0,
        "spectral_density": 2.5
      },
      "optimized": {
        "harmonic_tension": 2.1199925373468376,
        "rhythmic_complexity": 3.1364561035494227,
        "spectral_density": 0.09274019925533822
      },
      "distance_to_target": 2.5666969339605283,
      "converged": false,
      "iterations": 100,
      "n_offsets": 20,