{
  "experiment": "exp19_validation",
  "results": [
    {
      "name": "V_K/H_onset correlation",
      "expected": "r \u2248 -0.935",
      "actual": "r = 0.1472, p = 6.8494e-01",
      "passed": "False",
      "marginal": "False",
      "details": {
        "pearson_r": 0.14717638633281852,
        "p_value": 0.6849351758376403,
        "expected_r": -0.935,
        "n_traditions": 10,
        "difference": 1.0821763863328187
      }
    },
    {
      "name": "Conservation hypothesis",
      "expected": "r \u2248 0.436, CV \u2248 14.4%",
      "actual": "r = 0.7284, CV = 11.30%",
      "passed": "False",
      "marginal": true,
      "details": {
        "correlation": 0.7283785796177428,
        "p_value": 0.0,
        "cv": 0.112958742105343,
        "mean_sum": 0.2515058643207778,
        "std_sum": 0.028409786065792128,
        "expected_r": 0.436,
        "expected_cv": 0.144,
        "r_difference": 0.2923785796177428,
        "cv_difference": 0.03104125789465699,
        "n_sequences": 10000,
        "by_length": {
          "4": {
            "correlation": 0.668797296021214,
            "n": 2000
          },
          "8": {
            "correlation": 0.7158349031851721,
            "n": 2000
          },
          "16": {
            "correlation": 0.764951630465482,
            "n": 2000
          },
          "32": {
            "correlation": 0.761840823772773,
            "n": 2000
          }
        }
      }
    },
    {
      "name": "Meantone/ET ratio",
      "expected": "ratio \u2248 1.003",
      "actual": "ratio = 1.014976, 95% CI [1.014529, 1.015429]",
      "passed": false,
      "marginal": false,
      "details": {
        "mean_ratio": 1.014975823943901,
        "ci_low": 1.014528749545448,
        "ci_high": 1.0154293561112946,
        "expected": 1.003,
        "in_ci": false,
        "n_sequences": 1000,
        "n_bootstrap": 1000
      }
    },
    {
      "name": "Tradition recognition",
      "expected": "rate \u2248 98%",
      "actual": "rate = 68.90%",
      "passed": false,
      "marginal": false,
      "details": {
        "overall_rate": 0.689,
        "expected_rate": 0.98,
        "n_traditions": 10,
        "n_samples_per_tradition": 100,
        "total_samples": 1000,
        "per_tradition": {
          "Jazz": {
            "accuracy": 0.68,
            "correct": 68,
            "n_samples": 100
          },
          "Classical": {
            "accuracy": 0.77,
            "correct": 77,
            "n_samples": 100
          },
          "Gamelan": {
            "accuracy": 0.47,
            "correct": 47,
            "n_samples": 100
          },
          "Gagaku": {
            "accuracy": 0.94,
            "correct": 94,
            "n_samples": 100
          },
          "Hindustani": {
            "accuracy": 0.34,
            "correct": 34,
            "n_samples": 100
          },
          "African Polyrhythm": {
            "accuracy": 0.87,
            "correct": 87,
            "n_samples": 100
          },
          "EDM": {
            "accuracy": 0.97,
            "correct": 97,
            "n_samples": 100
          },
          "Blues": {
            "accuracy": 0.71,
            "correct": 71,
            "n_samples": 100
          },
          "Hip-hop": {
            "accuracy": 0.68,
            "correct": 68,
            "n_samples": 100
          },
          "Latin": {
            "accuracy": 0.46,
            "correct": 46,
            "n_samples": 100
          }
        }
      }
    },
    {
      "name": "Unexplored fraction",
      "expected": "~82% (threshold=1.5)",
      "actual": "57.51% (threshold=1.5)",
      "passed": false,
      "marginal": false,
      "details": {
        "fraction": 0.57506,
        "expected": 0.82,
        "difference": 0.24493999999999994,
        "threshold": 1.5,
        "n_samples": 100000,
        "unexplored_count": 57506,
        "threshold_curve": {
          "1.0": {
            "fraction": 0.79293,
            "count": 79293
          },
          "1.5": {
            "fraction": 0.57506,
            "count": 57506
          },
          "2.0": {
            "fraction": 0.35031,
            "count": 35031
          },
          "2.5": {
            "fraction": 0.15161,
            "count": 15161
          }
        }
      }
    },
    {
      "name": "JND ratio (I_vert vs I_spectral)",
      "expected": "ratio \u2248 4.0x",
      "actual": "ratio = 0.68x",
      "passed": false,
      "marginal": false,
      "details": {
        "jnd_ratio": 0.6792475376345535,
        "expected_ratio": 4.0,
        "difference": 3.3207524623654465,
        "vert_mean_diff": 0.0400460435824501,
        "spectral_mean_diff": 0.7074777549623544,
        "n_samples": 1000,
        "n_vert_nonzero": 1000,
        "n_spectral_nonzero": 974
      }
    },
    {
      "name": "Most pleasing point",
      "expected": "(2.61, 2.33, 4.00)",
      "actual": "(2.45, 2.35, 5.00), dist=1.013",
      "passed": false,
      "marginal": false,
      "details": {
        "found_point": [
          2.4489795918367347,
          2.3469387755102042,
          5.0
        ],
        "expected_point": [
          2.61,
          2.33,
          4.0
        ],
        "distance": 1.0130224548157112,
        "best_score": 0.999499550822044,
        "n_grid": 50
      }
    }
  ],
  "summary": {
    "n_pass": 0,
    "n_marginal": 1,
    "n_fail": 6,
    "total": 7
  }
}