{
  "experiment": "emptiness_dominance",
  "dimensions": [
    2,
    3,
    5,
    10,
    20,
    50
  ],
  "data": {
    "2": {
      "K_peaks": 3,
      "n_samples": 50000,
      "n_landscapes": 10,
      "mean_emptiness": 0.843674,
      "std_emptiness": 0.039628,
      "viable_fraction": 0.156326,
      "all_values": [
        0.82612,
        0.8367,
        0.83294,
        0.78952,
        0.90578,
        0.84684,
        0.78944,
        0.83418,
        0.85986,
        0.91536
      ],
      "theorem_holds": true
    },
    "3": {
      "K_peaks": 3,
      "n_samples": 50000,
      "n_landscapes": 10,
      "mean_emptiness": 0.955724,
      "std_emptiness": 0.020198,
      "viable_fraction": 0.044276,
      "all_values": [
        0.99452,
        0.95908,
        0.9422,
        0.94886,
        0.96948,
        0.98314,
        0.92576,
        0.95402,
        0.94126,
        0.93892
      ],
      "theorem_holds": true
    },
    "5": {
      "K_peaks": 4,
      "n_samples": 50000,
      "n_landscapes": 10,
      "mean_emptiness": 0.997562,
      "std_emptiness": 0.001623,
      "viable_fraction": 0.002438,
      "all_values": [
        0.99552,
        0.99598,
        0.99716,
        0.99846,
        0.99916,
        0.99484,
        0.99792,
        0.9997,
        0.99732,
        0.99956
      ],
      "theorem_holds": true
    },
    "10": {
      "K_peaks": 7,
      "n_samples": 50000,
      "n_landscapes": 10,
      "mean_emptiness": 0.999998,
      "std_emptiness": 6e-06,
      "viable_fraction": 2e-06,
      "all_values": [
        1.0,
        1.0,
        0.99998,
        1.0,
        1.0,
        1.0,
        1.0,
        1.0,
        1.0,
        1.0
      ],
      "theorem_holds": true
    },
    "20": {
      "K_peaks": 12,
      "n_samples": 50000,
      "n_landscapes": 10,
      "mean_emptiness": 1.0,
      "std_emptiness": 0.0,
      "viable_fraction": 0.0,
      "all_values": [
        1.0,
        1.0,
        1.0,
        1.0,
        1.0,
        1.0,
        1.0,
        1.0,
        1.0,
        1.0
      ],
      "theorem_holds": true
    },
    "50": {
      "K_peaks": 27,
      "n_samples": 50000,
      "n_landscapes": 10,
      "mean_emptiness": 1.0,
      "std_emptiness": 0.0,
      "viable_fraction": 0.0,
      "all_values": [
        1.0,
        1.0,
        1.0,
        1.0,
        1.0,
        1.0,
        1.0,
        1.0,
        1.0,
        1.0
      ],
      "theorem_holds": true
    }
  },
  "sensitivity_threshold_D3": {
    "0.1": 0.869,
    "0.2": 0.9036,
    "0.3": 0.957,
    "0.4": 0.9708,
    "0.5": 0.9874,
    "0.6": 0.9907,
    "0.7": 0.9966
  },
  "music_comparison": {
    "music_D": 3,
    "music_emptiness": 0.82,
    "simulated_D3_emptiness": 0.955724,
    "note": "Music E=0.82 from 10 traditions in 3D space"
  }
}