{
  "12-TET (reference)": {
    "divisions": 12,
    "n_notes": 12,
    "description": "Standard Western equal temperament",
    "tritave": false,
    "consonance": {
      "mean": 0.739696,
      "var": 0.043529,
      "I_vert": 2.982995,
      "n_pairs": 66
    },
    "spectral_peaks": [
      [
        1399.7,
        1154.105591
      ],
      [
        1324.3,
        1140.115723
      ],
      [
        1485.8,
        1129.959106
      ],
      [
        786.0,
        1077.186157
      ],
      [
        990.5,
        1068.472778
      ],
      [
        882.9,
        1065.405396
      ],
      [
        936.7,
        1024.957764
      ],
      [
        829.0,
        939.651184
      ]
    ],
    "comparison_with_12TET": "IS reference",
    "audio_file": "exp5_12-TET_reference.wav",
    "synthesized_notes": 12
  },
  "19-TET": {
    "divisions": 19,
    "n_notes": 19,
    "description": "19-tone ET \u2014 better thirds than 12-TET, good for diatonic",
    "tritave": false,
    "consonance": {
      "mean": 0.637896,
      "var": 0.094755,
      "I_vert": 2.143596,
      "n_pairs": 171
    },
    "spectral_peaks": [
      [
        269.2,
        1049.820923
      ],
      [
        279.9,
        1021.765808
      ],
      [
        290.7,
        984.678772
      ],
      [
        301.5,
        949.748291
      ],
      [
        312.2,
        917.157532
      ],
      [
        323.0,
        887.249023
      ],
      [
        333.8,
        859.237976
      ],
      [
        1313.5,
        832.841187
      ]
    ],
    "comparison_with_12TET": {
      "vs_12TET_mean_consonance_diff": -0.1018,
      "vs_12TET_I_vert_diff": -0.839399,
      "more_consonant_than_12TET": false
    },
    "audio_file": "exp5_19-TET.wav",
    "synthesized_notes": 19
  },
  "31-TET": {
    "divisions": 31,
    "n_notes": 31,
    "description": "31-tone ET \u2014 near-just thirds and fifths, Renaissance ideal",
    "tritave": false,
    "consonance": {
      "mean": 0.542628,
      "var": 0.17013,
      "I_vert": 2.884164,
      "n_pairs": 465
    },
    "spectral_peaks": [
      [
        269.2,
        1321.36084
      ],
      [
        333.8,
        1232.678223
      ],
      [
        290.7,
        1226.66687
      ],
      [
        301.5,
        1171.9823
      ],
      [
        366.1,
        1122.206543
      ],
      [
        463.0,
        1116.445923
      ],
      [
        409.1,
        1028.352539
      ],
      [
        1313.5,
        1025.226074
      ]
    ],
    "comparison_with_12TET": {
      "vs_12TET_mean_consonance_diff": -0.197068,
      "vs_12TET_I_vert_diff": -0.098831,
      "more_consonant_than_12TET": false
    },
    "audio_file": "exp5_31-TET.wav",
    "synthesized_notes": 19
  },
  "53-TET": {
    "divisions": 53,
    "n_notes": 53,
    "description": "53-tone ET \u2014 excellent 5-limit just intonation approximation",
    "tritave": false,
    "consonance": {
      "mean": 0.520682,
      "var": 0.165858,
      "I_vert": 2.848888,
      "n_pairs": 1378
    },
    "spectral_peaks": [
      [
        269.2,
        1353.282104
      ],
      [
        279.9,
        1105.796265
      ],
      [
        290.7,
        1060.20874
      ],
      [
        376.8,
        1054.570679
      ],
      [
        516.8,
        1042.603882
      ],
      [
        301.5,
        1022.930725
      ],
      [
        366.1,
        993.02533
      ],
      [
        312.2,
        988.962463
      ]
    ],
    "comparison_with_12TET": {
      "vs_12TET_mean_consonance_diff": -0.219014,
      "vs_12TET_I_vert_diff": -0.134107,
      "more_consonant_than_12TET": false
    },
    "audio_file": "exp5_53-TET.wav",
    "synthesized_notes": 19
  },
  "Bohlen-Pierce": {
    "divisions": 13,
    "n_notes": 13,
    "description": "13-tone equal division of the tritave (3:1). NO octaves!",
    "tritave": true,
    "consonance": {
      "mean": 0.520867,
      "var": 0.187567,
      "I_vert": 2.179057,
      "n_pairs": 78
    },
    "spectral_peaks": [
      [
        516.8,
        1055.384888
      ],
      [
        613.7,
        968.894348
      ],
      [
        559.9,
        947.509583
      ],
      [
        667.5,
        917.682495
      ],
      [
        721.4,
        850.02948
      ],
      [
        473.7,
        780.028137
      ],
      [
        366.1,
        779.68927
      ],
      [
        398.4,
        778.706543
      ]
    ],
    "comparison_with_12TET": {
      "vs_12TET_mean_consonance_diff": -0.218829,
      "vs_12TET_I_vert_diff": -0.803938,
      "more_consonant_than_12TET": false
    },
    "audio_file": "exp5_Bohlen-Pierce.wav",
    "synthesized_notes": 13
  },
  "Carlos Alpha": {
    "divisions": 15,
    "n_notes": 15,
    "description": "Wendy Carlos alpha scale \u2014 15 equal steps of ~78 cents (\u2248 1200/15.385)",
    "tritave": false,
    "consonance": {
      "mean": 0.505862,
      "var": 0.148098,
      "I_vert": 2.715821,
      "n_pairs": 105
    },
    "spectral_peaks": [
      [
        786.0,
        897.716187
      ],
      [
        1022.8,
        879.17627
      ],
      [
        893.6,
        877.671692
      ],
      [
        1335.1,
        801.351501
      ],
      [
        581.4,
        798.12677
      ],
      [
        1690.4,
        784.090698
      ],
      [
        667.5,
        769.565369
      ],
      [
        990.5,
        763.453857
      ]
    ],
    "comparison_with_12TET": {
      "vs_12TET_mean_consonance_diff": -0.233834,
      "vs_12TET_I_vert_diff": -0.267174,
      "more_consonant_than_12TET": false
    },
    "audio_file": "exp5_Carlos_Alpha.wav",
    "synthesized_notes": 15
  },
  "Carlos Beta": {
    "divisions": 18,
    "n_notes": 18,
    "description": "Wendy Carlos beta scale \u2014 harmonious divisions",
    "tritave": false,
    "consonance": {
      "mean": 0.423721,
      "var": 0.132069,
      "I_vert": 2.825908,
      "n_pairs": 153
    },
    "spectral_peaks": [
      [
        269.2,
        1199.042725
      ],
      [
        279.9,
        1163.626831
      ],
      [
        290.7,
        1121.449585
      ],
      [
        301.5,
        1082.206665
      ],
      [
        312.2,
        1045.324585
      ],
      [
        323.0,
        1009.205994
      ],
      [
        333.8,
        974.587097
      ],
      [
        344.5,
        946.72168
      ]
    ],
    "comparison_with_12TET": {
      "vs_12TET_mean_consonance_diff": -0.315975,
      "vs_12TET_I_vert_diff": -0.157087,
      "more_consonant_than_12TET": false
    },
    "audio_file": "exp5_Carlos_Beta.wav",
    "synthesized_notes": 18
  },
  "Carlos Gamma": {
    "divisions": 34,
    "n_notes": 34,
    "description": "Wendy Carlos gamma scale \u2014 34 divisions, very fine resolution",
    "tritave": false,
    "consonance": {
      "mean": 0.513972,
      "var": 0.146394,
      "I_vert": 3.141456,
      "n_pairs": 561
    },
    "spectral_peaks": [
      [
        269.2,
        1515.466919
      ],
      [
        333.8,
        1388.405273
      ],
      [
        323.0,
        1172.487305
      ],
      [
        279.9,
        1159.807129
      ],
      [
        409.1,
        1147.217529
      ],
      [
        290.7,
        1111.734497
      ],
      [
        1313.5,
        1075.149414
      ],
      [
        301.5,
        1073.078857
      ]
    ],
    "comparison_with_12TET": {
      "vs_12TET_mean_consonance_diff": -0.225724,
      "vs_12TET_I_vert_diff": 0.158461,
      "more_consonant_than_12TET": false
    },
    "audio_file": "exp5_Carlos_Gamma.wav",
    "synthesized_notes": 19
  },
  "Partch 43-tone": {
    "divisions": 43,
    "n_notes": 43,
    "description": "Harry Partch's 43-tone just intonation \u2014 11-limit monophony",
    "tritave": false,
    "consonance": {
      "mean": 0.521248,
      "var": 0.143024,
      "I_vert": 3.735725,
      "n_pairs": 903
    },