{
  "single_440": [
    [
      440.0,
      2.0,
      100,
      0.0
    ]
  ],
  "chromatic_scale": [
    [
      261.6255653005986,
      0.3,
      100,
      0.0
    ],
    [
      277.1826309768721,
      0.3,
      100,
      0.3
    ],
    [
      293.6647679174076,
      0.3,
      100,
      0.6
    ],
    [
      311.1269837220809,
      0.3,
      100,
      0.8999999999999999
    ],
    [
      329.6275569128699,
      0.3,
      100,
      1.2
    ],
    [
      349.2282314330039,
      0.3,
      100,
      1.5
    ],
    [
      369.9944227116344,
      0.3,
      100,
      1.7999999999999998
    ],
    [
      391.99543598174927,
      0.3,
      100,
      2.1
    ],
    [
      415.3046975799451,
      0.3,
      100,
      2.4
    ],
    [
      440.0,
      0.3,
      100,
      2.6999999999999997
    ],
    [
      466.1637615180899,
      0.3,
      100,
      3.0
    ],
    [
      493.8833012561241,
      0.3,
      100,
      3.3
    ]
  ],
  "c_major_chord": [
    [
      261.6255653005986,
      2.0,
      90,
      0.0
    ],
    [
      329.6275569128699,
      2.0,
      90,
      0.0
    ],
    [
      391.99543598174927,
      2.0,
      90,
      0.0
    ]
  ],
  "circle_of_fifths": [
    [
      261.6255653005986,
      0.4,
      100,
      0.0
    ],
    [
      391.99543598174927,
      0.4,
      100,
      0.4
    ],
    [
      293.6647679174076,
      0.4,
      100,
      0.8
    ],
    [
      440.0,
      0.4,
      100,
      1.2000000000000002
    ],
    [
      329.6275569128699,
      0.4,
      100,
      1.6
    ],
    [
      493.8833012561241,
      0.4,
      100,
      2.0
    ],
    [
      369.9944227116344,
      0.4,
      100,
      2.4000000000000004
    ],
    [
      277.1826309768721,
      0.4,
      100,
      2.8000000000000003
    ],
    [
      415.3046975799451,
      0.4,
      100,
      3.2
    ],
    [
      311.1269837220809,
      0.4,
      100,
      3.6
    ],
    [
      466.1637615180899,
      0.4,
      100,
      4.0
    ],
    [
      349.2282314330039,
      0.4,
      100,
      4.4
    ]
  ],
  "major_scale": [
    [
      261.6255653005986,
      0.3,
      100,
      0.0
    ],
    [
      293.6647679174076,
      0.3,
      100,
      0.3
    ],
    [
      329.6275569128699,
      0.3,
      100,
      0.6
    ],
    [
      349.2282314330039,
      0.3,
      100,
      0.8999999999999999
    ],
    [
      391.99543598174927,
      0.3,
      100,
      1.2
    ],
    [
      440.0,
      0.3,
      100,
      1.5
    ],
    [
      493.8833012561241,
      0.3,
      100,
      1.7999999999999998
    ],
    [
      523.2511306011972,
      0.3,
      100,
      2.1
    ],
    [
      493.8833012561241,
      0.3,
      100,
      2.4
    ],
    [
      440.0,
      0.3,
      100,
      2.6999999999999997
    ],
    [
      391.99543598174927,
      0.3,
      100,
      3.0
    ],
    [
      349.2282314330039,
      0.3,
      100,
      3.3
    ],
    [
      329.6275569128699,
      0.3,
      100,
      3.5999999999999996
    ],
    [
      293.6647679174076,
      0.3,
      100,
      3.9
    ],
    [
      261.6255653005986,
      0.3,
      100,
      4.2
    ]
  ],
  "minor_scale": [
    [
      220.0,
      0.35,
      100,
      0.0
    ],
    [
      246.94165062806206,
      0.35,
      100,
      0.35
    ],
    [
      261.6255653005986,
      0.35,
      100,
      0.7
    ],
    [
      293.6647679174076,
      0.35,
      100,
      1.0499999999999998
    ],
    [
      329.6275569128699,
      0.35,
      100,
      1.4
    ],
    [
      349.2282314330039,
      0.35,
      100,
      1.75
    ],
    [
      391.99543598174927,
      0.35,
      100,
      2.0999999999999996
    ],
    [
      440.0,
      0.35,
      100,
      2.4499999999999997
    ]
  ],
  "tritone_pairs": [
    [
      261.6255653005986,
      0.5,
      100,
      0.0
    ],
    [
      369.9944227116344,
      0.5,
      100,
      0.6
    ],
    [
      293.6647679174076,
      0.5,
      100,
      1.2
    ],
    [
      415.3046975799451,
      0.5,
      100,
      1.8
    ]
  ],
  "harmonic_series_440": [
    [
      440.0,
      2.0,
      120,
      0.0
    ],
    [
      880.0,
      2.0,
      105,
      0.0
    ],
    [
      1320.0,
      2.0,
      90,
      0.0
    ],
    [
      1760.0,
      2.0,
      75,
      0.0
    ],
    [
      2200.0,
      2.0,
      60,
      0.0
    ],
    [
      2640.0,
      2.0,
      45,
      0.0
    ],
    [
      3080.0,
      2.0,
      30,
      0.0
    ],
    [
      3520.0,
      2.0,
      15,
      0.0
    ]
  ],
  "polyrhythm_3_4": [
    [
      261.6255653005986,
      0.2,
      100,
      0.0
    ],
    [
      261.6255653005986,
      0.2,
      100,
      0.5
    ],
    [
      261.6255653005986,
      0.2,
      100,
      1.0
    ],
    [
      261.6255653005986,
      0.2,
      100,
      1.5
    ],
    [
      329.6275569128699,
      0.2,
      90,
      0.0
    ],
    [
      329.6275569128699,
      0.2,
      90,
      0.6666666666666666
    ],
    [
      329.6275569128699,
      0.2,
      90,
      1.3333333333333333
    ]
  ],